url_path,views_total,views_unique
/cubicleguy/ess_co-master,7,3
/cubicleguy/ess_co-master/tree/main,7,2
/cubicleguy/ess_co-master/blob/main/dcf/M-A552AC1_Sample/master.dcf,5,2
/cubicleguy/ess_co-master/blob/main/seDriver.cpp,5,2
/cubicleguy/ess_co-master/tree/main/dcf/M-A552AC1_Sample,5,2
/cubicleguy/ess_co-master/tree/main/dcf,4,2
/cubicleguy/ess_co-master/blob/main/M-A552AC1x.c,3,1
/cubicleguy/ess_co-master/blob/main/dcf/M-A552AC1_Sample/M-A552AC1.eds,3,1
/cubicleguy/ess_co-master/blob/main/dcf/Multiple_MSM_Sample/master.dcf,3,1
/cubicleguy/ess_co-master/blob/main/master.cpp,3,1
